Workbook

Sheet Sheet1
B1: 2026 年 一 月 工 资 表
B3: 姓名 | C3: 入职时间 | D3: 工龄 | E3: 出勤天数 | F3: 基本工资 | G3: 实际工资 | H3: 补偿 | I3: 全勤奖金 | J3: 调薪记录 | K3: 奖金 | L3: 试用期薪资 | M3: 生日经费 | N3: 体检经费 | O3: 税前工资 | P3: 补税 | Q3: 养老保险 | R3: 医疗保险 | S3: 失业保险 | T3: 公积金 | U3: 请假扣除 | V3: 迟到罚款 | W3: 小计 | X3: 个税 | Y3: 税后实发 | Z3: 备注
B4: 罗汉金 | C4: 45061 | D4: 2 | E4: 22.5 | F4: 5500 | G4: 5500 | H4: 0 | J4: 0 | O4: =SUM(G4:N4) -> 5500 | Q4: 440.8 | R4: 124.68 | S4: 5 | U4: 88.7 | W4: =SUM(P4:V4) -> 659.18 | X4: 0 | Y4: =O4-W4-X4 -> 4840.82
B5: 吴伟滨 | C5: 45460 | D5: 1 | E5: 20 | F5: 4900 | G5: 4900 | K5: 250 | O5: =SUM(G5:N5) -> 5150 | Q5: 440.8 | R5: 124.68 | S5: 5 | W5: =SUM(P5:V5) -> 570.48 | X5: 0 | Y5: =O5-W5-X5 -> 4579.52
B6: 龚辉 | C6: 44330 | D6: 4 | E6: 20 | F6: 7000 | G6: 7000 | O6: =SUM(G6:N6) -> 7000 | Q6: 440.8 | R6: 124.68 | S6: 5 | U6: 225.8 | W6: =SUM(P6:V6) -> 796.28 | X6: 0 | Y6: =O6-W6-X6 -> 6203.72
B7: 王淼 | C7: =IFERROR(VLOOKUP(B7,[1]基础信息!B:D,2,FALSE),"-") -> 44136 | D7: 4 | E7: 23 | F7: 15000 | G7: 15000 | O7: =SUM(G7:N7) -> 15000 | Q7: 440.8 | R7: 124.68 | S7: 5 | T7: 1200 | W7: =SUM(P7:V7) -> 1770.48 | X7: 96.88 | Y7: =O7-W7-X7 -> 13132.64
B8: 马纯敏 | C8: 45261 | D8: 2 | E8: 16 | F8: 6000 | G8: 6000 | O8: =SUM(G8:N8) -> 6000 | Q8: 440.8 | R8: 124.68 | S8: 5 | U8: 193.5 | W8: =SUM(P8:V8) -> 763.98 | X8: 7.08 | Y8: =O8-W8-X8 -> 5228.94
C9: =IFERROR(VLOOKUP(B9,[1]基础信息!B:D,2,FALSE),"-") -> - | D9: =IFERROR(VLOOKUP(B9,[1]基础信息!B:D,3,FALSE),"-") -> - | F9: =IFERROR(VLOOKUP(B9,[1]基础信息!B:E,4,FALSE),"-") -> - | O9: =SUM(G9:N9) -> 0 | W9: =SUM(P9:V9) -> 0 | X9: 0 | Y9: =O9-W9-X9 -> 0
C10: =IFERROR(VLOOKUP(B10,[1]基础信息!B:D,2,FALSE),"-") -> - | D10: =IFERROR(VLOOKUP(B10,[1]基础信息!B:D,3,FALSE),"-") -> - | F10: =IFERROR(VLOOKUP(B10,[1]基础信息!B:E,4,FALSE),"-") -> - | O10: =SUM(F10:N10) -> 0 | W10: =SUM(P10:V10) -> 0 | X10: 0 | Y10: =O10-W10-X10 -> 0
C11: =IFERROR(VLOOKUP(B11,[1]基础信息!B:D,2,FALSE),"-") -> - | D11: =IFERROR(VLOOKUP(B11,[1]基础信息!B:D,3,FALSE),"-") -> - | F11: =IFERROR(VLOOKUP(B11,[1]基础信息!B:E,4,FALSE),"-") -> - | O11: =SUM(F11:N11) -> 0 | W11: =SUM(P11:V11) -> 0 | X11: 0 | Y11: =O11-W11-X11 -> 0
C12: =IFERROR(VLOOKUP(B12,[1]基础信息!B:D,2,FALSE),"-") -> - | D12: =IFERROR(VLOOKUP(B12,[1]基础信息!B:D,3,FALSE),"-") -> - | F12: =IFERROR(VLOOKUP(B12,[1]基础信息!B:E,4,FALSE),"-") -> - | O12: =SUM(F12:N12) -> 0 | W12: =SUM(P12:V12) -> 0 | X12: 0 | Y12: =O12-W12-X12 -> 0
C13: =IFERROR(VLOOKUP(B13,[1]基础信息!B:D,2,FALSE),"-") -> - | D13: =IFERROR(VLOOKUP(B13,[1]基础信息!B:D,3,FALSE),"-") -> - | F13: =IFERROR(VLOOKUP(B13,[1]基础信息!B:E,4,FALSE),"-") -> - | O13: =SUM(F13:N13) -> 0 | W13: =SUM(P13:V13) -> 0 | X13: 0 | Y13: =O13-W13-X13 -> 0
C14: =IFERROR(VLOOKUP(B14,[1]基础信息!B:D,2,FALSE),"-") -> - | D14: =IFERROR(VLOOKUP(B14,[1]基础信息!B:D,3,FALSE),"-") -> - | F14: =IFERROR(VLOOKUP(B14,[1]基础信息!B:E,4,FALSE),"-") -> - | O14: =SUM(F14:N14) -> 0 | W14: =SUM(P14:V14) -> 0 | X14: 0 | Y14: =O14-W14-X14 -> 0
C15: =IFERROR(VLOOKUP(B15,[1]基础信息!B:D,2,FALSE),"-") -> - | D15: =IFERROR(VLOOKUP(B15,[1]基础信息!B:D,3,FALSE),"-") -> - | F15: =IFERROR(VLOOKUP(B15,[1]基础信息!B:E,4,FALSE),"-") -> - | O15: =SUM(F15:N15) -> 0 | W15: =SUM(P15:V15) -> 0 | X15: 0 | Y15: =O15-W15-X15 -> 0
C16: =IFERROR(VLOOKUP(B16,[1]基础信息!B:D,2,FALSE),"-") -> - | D16: =IFERROR(VLOOKUP(B16,[1]基础信息!B:D,3,FALSE),"-") -> - | F16: =IFERROR(VLOOKUP(B16,[1]基础信息!B:E,4,FALSE),"-") -> - | O16: =SUM(F16:N16) -> 0 | W16: =SUM(P16:V16) -> 0 | X16: 0 | Y16: =O16-W16-X16 -> 0
C17: =IFERROR(VLOOKUP(B17,[1]基础信息!B:D,2,FALSE),"-") -> - | D17: =IFERROR(VLOOKUP(B17,[1]基础信息!B:D,3,FALSE),"-") -> - | F17: =IFERROR(VLOOKUP(B17,[1]基础信息!B:E,4,FALSE),"-") -> - | O17: =SUM(F17:N17) -> 0 | W17: =SUM(P17:V17) -> 0 | X17: 0 | Y17: =O17-W17-X17 -> 0
C18: =IFERROR(VLOOKUP(B18,[1]基础信息!B:D,2,FALSE),"-") -> - | D18: =IFERROR(VLOOKUP(B18,[1]基础信息!B:D,3,FALSE),"-") -> - | F18: =IFERROR(VLOOKUP(B18,[1]基础信息!B:E,4,FALSE),"-") -> - | O18: =SUM(F18:N18) -> 0 | W18: =SUM(P18:V18) -> 0 | X18: 0 | Y18: =O18-W18-X18 -> 0
C19: =IFERROR(VLOOKUP(B19,[1]基础信息!B:D,2,FALSE),"-") -> - | D19: =IFERROR(VLOOKUP(B19,[1]基础信息!B:D,3,FALSE),"-") -> - | F19: =IFERROR(VLOOKUP(B19,[1]基础信息!B:E,4,FALSE),"-") -> - | O19: =SUM(F19:N19) -> 0 | W19: =SUM(P19:V19) -> 0 | X19: 0 | Y19: =O19-W19-X19 -> 0
C20: =IFERROR(VLOOKUP(B20,[1]基础信息!B:D,2,FALSE),"-") -> - | D20: =IFERROR(VLOOKUP(B20,[1]基础信息!B:D,3,FALSE),"-") -> - | F20: =IFERROR(VLOOKUP(B20,[1]基础信息!B:E,4,FALSE),"-") -> - | O20: =SUM(F20:N20) -> 0 | W20: =SUM(P20:V20) -> 0 | X20: 0 | Y20: =O20-W20-X20 -> 0
C21: =IFERROR(VLOOKUP(B21,[1]基础信息!B:D,2,FALSE),"-") -> - | D21: =IFERROR(VLOOKUP(B21,[1]基础信息!B:D,3,FALSE),"-") -> - | F21: =IFERROR(VLOOKUP(B21,[1]基础信息!B:E,4,FALSE),"-") -> - | O21: =SUM(F21:N21) -> 0 | W21: =SUM(P21:V21) -> 0 | X21: 0 | Y21: =O21-W21-X21 -> 0
... C27: =IFERROR(VLOOKUP(B27,[1]基础信息!B:D,2,FALSE),"-") -> - | D27: =IFERROR(VLOOKUP(B27,[1]基础信息!B:D,3,FALSE),"-") -> - | F27: =IFERROR(VLOOKUP(B27,[1]基础信息!B:E,4,FALSE),"-") -> - | O27: =SUM(F27:N27) -> 0 | W27: =SUM(P27:V27) -> 0 | X27: 0 | Y27: =O27-W27-X27 -> 0
B28: 合计 | F28: =SUM(F4:F27) -> 38400 | H28: =SUM(H4:H27) -> 0 | I28: =SUM(I4:I27) -> 0 | J28: =SUM(J4:J27) -> 0 | L28: =SUM(L4:L27) -> 0 | N28: =SUM(N4:N27) -> 0 | O28: =SUM(O4:O27) -> 38650 | P28: =SUM(P4:P27) -> 0 | V28: =SUM(V4:V27) -> 0 | W28: =SUM(W4:W27) -> 4560.4 | X28: =SUM(X4:X27) -> 103.96 | Y28: =SUM(Y4:Y27) -> 33985.64

Sheet Sheet3
A2: 吴伟滨 | B2: 6212263602112954821
A3: 龚辉 | B3: 6222033602017530773
A4: 王淼 | B4: 6212260200053764219
A5: 李季鸿 | B5: 6212253602059699290
A6: 罗汉金 | B6: 6212253602073692875
